{
    "PB10_T1": {
        "mean": 99.99614413087139,
        "std": 0.5771068812500362
    },
    "PB10_T2": {
        "mean": 99.99888508261391,
        "std": 0.5764907508021988
    },
    "PB10_T3": {
        "mean": 100.00573515307258,
        "std": 0.5747736329807839
    },
    "PB10_T4": {
        "mean": 100.01244188421383,
        "std": 0.5729997067349698
    },
    "PB10_T5": {
        "mean": 100.01759751614316,
        "std": 0.5714927687155894
    },
    "PB10_T6": {
        "mean": 100.02196856049629,
        "std": 0.5701479638974253
    },
    "PB10_T7": {
        "mean": 100.04103315329213,
        "std": 0.5640530284278578
    },
    "PB10_T8": {
        "mean": 100.0628559568704,
        "std": 0.5566073292269949
    },
    "PB10_T9": {
        "mean": 100.07987812132978,
        "std": 0.5504847122109473
    },
    "PB10_T10": {
        "mean": 100.10779772742046,
        "std": 0.5391570287210864
    },
    "PB10_T11": {
        "mean": 100.1199642860339,
        "std": 0.5338758571844611
    },
    "PB10_T12": {
        "mean": 100.17788182727452,
        "std": 0.5054617997249087
    },
    "PB11_T1": {
        "mean": 99.98837859326197,
        "std": 0.5786113037271915
    },
    "PB11_T2": {
        "mean": 99.98562988235913,
        "std": 0.5791311324046655
    },
    "PB11_T3": {
        "mean": 99.97872800134078,
        "std": 0.5805275245333149
    },
    "PB11_T4": {
        "mean": 99.97191151479788,
        "std": 0.5821783071068386
    },
    "PB11_T5": {
        "mean": 99.96667134123943,
        "std": 0.5835344199987319
    },
    "PB11_T6": {
        "mean": 99.96224236862994,
        "std": 0.5845414605669176
    },
    "PB11_T7": {
        "mean": 99.94268453474132,
        "std": 0.5889998641073982
    },
    "PB11_T8": {
        "mean": 99.91973653119761,
        "std": 0.5944288904775656
    },
    "PB11_T9": {
        "mean": 99.90164889460135,
        "std": 0.5977121283932663
    },
    "PB11_T10": {
        "mean": 99.87198065776738,
        "std": 0.6015859644089327
    },
    "PB11_T11": {
        "mean": 99.85905887811063,
        "std": 0.6033811095245071
    },
    "PB11_T12": {
        "mean": 99.79620419020371,
        "std": 0.6147934925234554
    },
    "PB6_T1": {
        "mean": -7.17990397095571e-09,
        "std": 5.414156005831463e-06
    },
    "PB6_T2": {
        "mean": 6.192579834023205e-10,
        "std": 3.8063587326256002e-06
    },
    "PB6_T3": {
        "mean": 1.3002836257666418e-09,
        "std": 2.1996170781685587e-06
    },
    "PB6_T4": {
        "mean": -4.726804292814637e-10,
        "std": 1.5369721903676917e-06
    },
    "PB6_T5": {
        "mean": 3.35464965934797e-10,
        "std": 1.2533053540287577e-06
    },
    "PB6_T6": {
        "mean": 1.2856105840061207e-09,
        "std": 1.0885035981671039e-06
    },
    "PB6_T7": {
        "mean": 3.429425950699473e-09,
        "std": 6.996536560173346e-07
    },
    "PB6_T8": {
        "mean": 2.0803950305058085e-09,
        "std": 5.104157348311603e-07
    },
    "PB6_T9": {
        "mean": 1.8770597802552576e-09,
        "std": 4.203682937631e-07
    },
    "PB6_T10": {
        "mean": 4.441613060865047e-09,
        "std": 3.257584330995979e-07
    },
    "PB6_T11": {
        "mean": 5.705110973670024e-09,
        "std": 2.971864299056207e-07
    },
    "PB6_T12": {
        "mean": 5.287697515610407e-09,
        "std": 2.0094431393743434e-07
    },
    "PB3_T1": {
        "mean": 50.0071491721115,
        "std": 19.9040930001186
    },
    "PB3_T2": {
        "mean": 50.00442050507431,
        "std": 14.182897195799013
    },
    "PB3_T3": {
        "mean": 50.01372045707269,
        "std": 8.193575976559286
    },
    "PB3_T4": {
        "mean": 50.02166940331562,
        "std": 5.750318049032026
    },
    "PB3_T5": {
        "mean": 50.02603830727639,
        "std": 4.667974347540919
    },
    "PB3_T6": {
        "mean": 50.02871897312803,
        "std": 4.025739302297519
    },
    "PB3_T7": {
        "mean": 50.03287172139855,
        "std": 2.520086373935367
    },
    "PB3_T8": {
        "mean": 50.03489032329897,
        "std": 1.9607422847460074
    },
    "PB3_T9": {
        "mean": 50.04390456897632,
        "std": 2.8317359322593383
    },
    "PB3_T10": {
        "mean": 50.071508590579526,
        "std": 5.958196332593452
    },
    "PB3_T11": {
        "mean": 50.08751529339516,
        "std": 7.484311052040831
    },
    "PB3_T12": {
        "mean": 50.186232830991514,
        "std": 12.37287999337673
    },
    "PB2_T1": {
        "mean": 8.495889202742641e-05,
        "std": 0.134232177997552
    },
    "PB2_T2": {
        "mean": -0.000130222011785864,
        "std": 0.04775178858758174
    },
    "PB2_T3": {
        "mean": 8.78455352434836e-06,
        "std": 0.0094830614930512
    },
    "PB2_T4": {
        "mean": 3.4504663123392236e-06,
        "std": 0.0033215128238182515
    },
    "PB2_T5": {
        "mean": -7.566456234898965e-07,
        "std": 0.0018218724120936853
    },
    "PB2_T6": {
        "mean": -1.9491515012956027e-06,
        "std": 0.001168610870301986
    },
    "PB2_T7": {
        "mean": -9.376361468650175e-07,
        "std": 0.0002939395326791859
    },
    "PB2_T8": {
        "mean": 2.1138422729229507e-07,
        "std": 0.00010256462422413369
    },
    "PB2_T9": {
        "mean": 1.9401342693398389e-07,
        "std": 5.7112921192035865e-05
    },
    "PB2_T10": {
        "mean": 7.75517492217647e-08,
        "std": 2.721037361357703e-05
    },
    "PB2_T11": {
        "mean": 6.311286935353499e-08,
        "std": 2.069275417778054e-05
    },
    "PB2_T12": {
        "mean": -3.224887331521171e-08,
        "std": 7.193445589717735e-06
    },
    "PB1_T1": {
        "mean": -0.0004995221455851046,
        "std": 0.477831678915735
    },
    "PB1_T2": {
        "mean": -0.0007119193756536708,
        "std": 0.33963369055395837
    },
    "PB1_T3": {
        "mean": 7.931300567724985e-05,
        "std": 0.2000330580952828
    },
    "PB1_T4": {
        "mean": -5.245529718797386e-05,
        "std": 0.13965960536517016
    },
    "PB1_T5": {
        "mean": -9.001874910555072e-05,
        "std": 0.11369413343193326
    },
    "PB1_T6": {
        "mean": -0.00015596928655814852,
        "std": 0.09795507050606539
    },
    "PB1_T7": {
        "mean": -6.4399783622566775e-06,
        "std": 0.0619082873216752
    },
    "PB1_T8": {
        "mean": 0.00013420544366752354,
        "std": 0.043842752620727565
    },
    "PB1_T9": {
        "mean": 0.00010166480730286375,
        "std": 0.036306749432438154
    },
    "PB1_T10": {
        "mean": 4.68074619413427e-05,
        "std": 0.028874491160583483
    },
    "PB1_T11": {
        "mean": 1.43587651825477e-05,
        "std": 0.026450493108705952
    },
    "PB1_T12": {
        "mean": 0.00011432358952298645,
        "std": 0.018644462855532062
    },
    "PB7_T1": {
        "mean": 0.0007850690637816704,
        "std": 1.1513381585724625
    },
    "PB7_T2": {
        "mean": 2.869727946117206e-05,
        "std": 1.2551456389998763
    },
    "PB7_T3": {
        "mean": -0.0016343773922815829,
        "std": 1.3575463163079853
    },
    "PB7_T4": {
        "mean": -0.00028023799619459494,
        "std": 1.3834104319035723
    },
    "PB7_T5": {
        "mean": -0.00017440861062418823,
        "std": 1.3897863647442366
    },
    "PB7_T6": {
        "mean": 0.0007253271129102387,
        "std": 1.3911915716310475
    },
    "PB7_T7": {
        "mean": 0.0014262068959637179,
        "std": 1.3931511518371869
    },
    "PB7_T8": {
        "mean": 0.004803724442513214,
        "std": 1.3909619404068585
    },
    "PB7_T9": {
        "mean": 0.00936049082739172,
        "std": 1.3879133722087547
    },
    "PB7_T10": {
        "mean": 0.008519673375479745,
        "std": 1.3836052859641272
    },
    "PB7_T11": {
        "mean": 0.009739539544998725,
        "std": 1.3816377956560337
    },