{
    "train_loss": [
        0.22569750358684895,
        0.22305168660620275,
        0.2240250366171583,
        0.22444244683887332,
        0.22389564712507984
    ],
    "train_acc": [
        84.5966703454956,
        84.70022070459004,
        84.68121048810742,
        84.55065355162895,
        84.68123563389642
    ],
    "val_loss": [
        0.20148914533312476,
        0.20833824848467927,
        0.20095304943443765,
        0.20077467429052506,
        0.2057294495558987
    ],
    "val_acc": [
        86.97116091838618,
        86.97116091838618,
        86.97116091838618,
        86.97116091838618,
        86.97116091838618
    ],
    "learning_rate": [
        0.0003,
        0.0003,
        0.0003,
        0.0003,
        0.0003
    ]
}