{
    "train_loss": [
        0.2222693730354396,
        0.2208671550424053,
        0.2238991884758266,
        0.22282685799333146,
        0.22409811293610776
    ],
    "train_acc": [
        84.59604646518744,
        84.6773883281797,
        84.55505406470364,
        84.67927426235457,
        84.67369189719697
    ],
    "val_loss": [
        0.20001183595907476,
        0.20582816289471728,
        0.20289936076539258,
        0.1998959989220436,
        0.2098757642154981
    ],
    "val_acc": [
        86.97116091838618,
        86.97116091838618,
        86.97116091838618,
        86.97116091838618,
        86.97116091838618
    ],
    "learning_rate": [
        0.0003,
        0.0003,
        0.0003,
        0.0003,
        0.0003
    ]
}