{
    "train_loss": [
        0.0008119765784706546,
        6.59784970584718e-05,
        6.48930056661648e-05,
        6.36224576448559e-05,
        6.391713583583717e-05
    ],
    "train_acc": [
        0.000729227880946759,
        0.0004526242019669539,
        0.00020116631198531285,
        0.00015087473398898464,
        0.00017602052298714874
    ],
    "val_loss": [
        6.372537673087209e-05,
        5.3011669370746295e-05,
        0.0003951349631755702,
        5.9311843514955226e-05,
        5.427464129102841e-05
    ],
    "val_acc": [
        0.0,
        0.0,
        0.0,
        0.0,
        0.0
    ],
    "learning_rate": [
        0.0003,
        0.0003,
        0.0003,
        0.0003,
        0.0003
    ]
}