{
    "train_loss": [
        0.22241070399753368,
        0.22349769686730817,
        0.22526182734311964,
        0.22391528808535674,
        0.22278296707293543
    ],
    "train_acc": [
        84.57152455649744,
        84.60861459526973,
        84.68068242653847,
        84.68123563389642,
        84.67623162188579
    ],
    "val_loss": [
        0.2302459471066305,
        0.20049915937928572,
        0.20158198781843698,
        0.20035037796811334,
        0.2054333899791042
    ],
    "val_acc": [
        86.97116091838618,
        86.97116091838618,
        86.97116091838618,
        86.97116091838618,
        86.97116091838618
    ],
    "learning_rate": [
        0.0003,
        0.0003,
        0.0003,
        0.0003,
        0.0003
    ]
}