{
    "train_loss": [
        0.0008244911188614004,
        9.303796033446605e-05,
        6.422142847301215e-05,
        6.29264439918954e-05,
        6.325438012889862e-05
    ],
    "train_acc": [
        0.0009555399819302361,
        0.00022631210098347695,
        0.0002514578899816411,
        0.00030969028648674177,
        0.0003520410459742975
    ],
    "val_loss": [
        8.819575129261162e-05,
        5.7095680066205594e-05,
        5.496610554993302e-05,
        5.335385263996224e-05,
        5.473254991340495e-05
    ],
    "val_acc": [
        0.0,
        0.0,
        0.0,
        0.0,
        0.0
    ],
    "learning_rate": [
        0.0003,
        0.0003,
        0.0003,
        0.0003,
        0.0003
    ]
}